{
  "model": "logistic_regression",
  "trained_on": "2026-05-21",
  "model_version": 1,
  "seed": 42,
  "seasons": [
    2025,
    2026
  ],
  "n_shots": 1299230,
  "n_train": 1039384,
  "n_test": 259846,
  "features": [
    "distance_from_rim",
    "seconds_remaining_in_period",
    "score_differential",
    "period",
    "zone_rim",
    "zone_three",
    "is_corner_three",
    "is_layup",
    "is_dunk",
    "is_jumper",
    "is_tip",
    "dist_0_3",
    "dist_3_10",
    "dist_10_22",
    "is_end_of_period",
    "is_transition",
    "home_team"
  ],
  "n_numeric": 4,
  "numeric_features": [
    "distance_from_rim",
    "seconds_remaining_in_period",
    "score_differential",
    "period"
  ],
  "indicator_features": [
    "zone_rim",
    "zone_three",
    "is_corner_three",
    "is_layup",
    "is_dunk",
    "is_jumper",
    "is_tip",
    "dist_0_3",
    "dist_3_10",
    "dist_10_22",
    "is_end_of_period",
    "is_transition",
    "home_team"
  ],
  "scaler": {
    "mean": [
      13.568173543664823,
      595.8882559285115,
      0.45924701553997366,
      1.5057447488127582
    ],
    "scale": [
      9.978601251964275,
      347.84148854926343,
      12.732176550795158,
      0.5206196952305288
    ]
  },
  "coefficients": [
    -0.4597694897903317,
    0.00739588268484951,
    0.26232494534502826,
    0.02523608796886709,
    0.04669849493939435,
    0.21915349348545948,
    -0.010939461951965887,
    -0.3363562892228658,
    1.231029673256341,
    -0.4985998904680444,
    -0.26170935763357583,
    0.16075444134282166,
    -0.2920416199725224,
    -0.08642467836855088,
    -0.16376693567437023,
    0.11492952772409246,
    -0.052696529475163276
  ],
  "intercept": 0.13384002878834986,
  "metrics": {
    "train": {
      "log_loss": 0.6400727748457629,
      "brier": 0.22475842496535642,
      "auc": 0.663627011386557,
      "n": 1039384,
      "mean_pred": 0.4429356128875621,
      "mean_actual": 0.4430200965187072
    },
    "test": {
      "log_loss": 0.639721205369803,
      "brier": 0.2246121776784321,
      "auc": 0.6638006106431957,
      "n": 259846,
      "mean_pred": 0.44288555228747556,
      "mean_actual": 0.44210416939264024
    },
    "test_calibration": [
      {
        "n": 497,
        "pred": 0.1434,
        "actual": 0.1891
      },
      {
        "n": 8253,
        "pred": 0.228,
        "actual": 0.2375
      },
      {
        "n": 67300,
        "pred": 0.3111,
        "actual": 0.2989
      },
      {
        "n": 75735,
        "pred": 0.3849,
        "actual": 0.3961
      },
      {
        "n": 44721,
        "pred": 0.4771,
        "actual": 0.4727
      },
      {
        "n": 25597,
        "pred": 0.5703,
        "actual": 0.5637
      },
      {
        "n": 23932,
        "pred": 0.6514,
        "actual": 0.6541
      },
      {
        "n": 4465,
        "pred": 0.7379,
        "actual": 0.7355
      },
      {
        "n": 4225,
        "pred": 0.8449,
        "actual": 0.8327
      },
      {
        "n": 5121,
        "pred": 0.9088,
        "actual": 0.9147
      }
    ],
    "xgb_test": {
      "log_loss": 0.623206425360596,
      "brier": 0.2173068317924881,
      "auc": 0.6918717079222387,
      "n": 259846,
      "mean_pred": 0.4428810477256775,
      "mean_actual": 0.44210416939264024
    }
  },
  "limitations": [
    "Excludes shotAssisted (only populated on made shots \u2014 would leak target).",
    "No defender / contest data.",
    "is_transition inferred from time since previous defensive event (<=7s).",
    "is_end_of_period is a coarse <30s-in-period proxy; no shot-clock data."
  ]
}