{
  "model": "logistic_regression",
  "trained_on": "2026-05-20",
  "model_version": 1,
  "seed": 42,
  "n_shots": 687370,
  "n_train": 549896,
  "n_test": 137474,
  "features": [
    "distance_from_rim",
    "seconds_remaining_in_period",
    "score_differential",
    "period",
    "zone_rim",
    "zone_three",
    "is_corner_three",
    "is_layup",
    "is_dunk",
    "is_jumper",
    "is_tip",
    "dist_0_3",
    "dist_3_10",
    "dist_10_22",
    "is_end_of_period",
    "is_transition",
    "home_team"
  ],
  "n_numeric": 4,
  "numeric_features": [
    "distance_from_rim",
    "seconds_remaining_in_period",
    "score_differential",
    "period"
  ],
  "indicator_features": [
    "zone_rim",
    "zone_three",
    "is_corner_three",
    "is_layup",
    "is_dunk",
    "is_jumper",
    "is_tip",
    "dist_0_3",
    "dist_3_10",
    "dist_10_22",
    "is_end_of_period",
    "is_transition",
    "home_team"
  ],
  "scaler": {
    "mean": [
      13.605967294335887,
      596.3641561313412,
      0.5053159142819733,
      1.5059225744504416
    ],
    "scale": [
      9.959806645358022,
      347.66828303612016,
      13.248964426536094,
      0.5213014725455001
    ]
  },
  "coefficients": [
    -0.4829717178799561,
    0.012359606337190163,
    0.267287592651755,
    0.023496867694275538,
    0.18890537723511908,
    0.22033260541064323,
    -0.02132735743750376,
    -0.40607955561182124,
    1.1739080017086336,
    -0.4055275730530302,
    -0.2911535977343028,
    0.10376294876207719,
    -0.34924436686008653,
    -0.12623516617384806,
    -0.164698605495646,
    0.1074287940299206,
    -0.0530916299323956
  ],
  "intercept": 0.07123210033667045,
  "metrics": {
    "train": {
      "log_loss": 0.640279567354281,
      "brier": 0.22484107263913508,
      "auc": 0.6617248966153563,
      "n": 549896,
      "mean_pred": 0.4400627828254238,
      "mean_actual": 0.44009230836376334
    },
    "test": {
      "log_loss": 0.6392945229918305,
      "brier": 0.22438632297459726,
      "auc": 0.663394957531805,
      "n": 137474,
      "mean_pred": 0.4406434741263665,
      "mean_actual": 0.4389775521189461
    },
    "test_calibration": [
      {
        "n": 461,
        "pred": 0.1501,
        "actual": 0.2104
      },
      {
        "n": 5382,
        "pred": 0.2347,
        "actual": 0.2449
      },
      {
        "n": 38800,
        "pred": 0.3167,
        "actual": 0.305
      },
      {
        "n": 38855,
        "pred": 0.3916,
        "actual": 0.3974
      },
      {
        "n": 22372,
        "pred": 0.4816,
        "actual": 0.4846
      },
      {
        "n": 12728,
        "pred": 0.578,
        "actual": 0.5645
      },
      {
        "n": 12075,
        "pred": 0.6548,
        "actual": 0.6586
      },
      {
        "n": 2092,
        "pred": 0.7437,
        "actual": 0.7251
      },
      {
        "n": 2252,
        "pred": 0.8487,
        "actual": 0.8459
      },
      {
        "n": 2457,
        "pred": 0.9105,
        "actual": 0.9178
      }
    ],
    "xgb_test": {
      "log_loss": 0.6223030788781313,
      "brier": 0.2169624022916669,
      "auc": 0.6912963851574963,
      "n": 137474,
      "mean_pred": 0.44040560722351074,
      "mean_actual": 0.4389775521189461
    }
  },
  "limitations": [
    "Excludes shotAssisted (only populated on made shots \u2014 would leak target).",
    "No defender / contest data.",
    "is_transition inferred from time since previous defensive event (<=7s).",
    "is_end_of_period is a coarse <30s-in-period proxy; no shot-clock data."
  ]
}